Incident Date,Incident Number
2018/12/17,408
2018/12/04,397
2018/12/12,402
2018/12/23,430
2018/12/15,392
2018/12/07,464
2018/12/25,259
2018/12/24,378
2018/12/21,395
2019/01/01,13
2018/12/31,394
2018/12/16,306
2018/12/03,418
2018/12/20,457
2018/12/30,381
2018/12/01,380
2018/12/18,430
2018/12/10,369
2018/12/05,416
2018/12/29,408
2018/12/09,410
2018/12/27,416
2018/12/14,411
2018/12/28,434
2018/12/19,448
2018/12/26,388
2018/12/11,354
2018/12/13,386
2018/12/06,376
2018/12/08,410
2018/12/22,421
2018/12/02,343
